"peak_number","name","formula","calc_mw","m_z","rt_min","mass_list_name","mean_area","sample_location"
1902,"(2-Nitro-1-propenyl)benzene","C9 H9 N O2",163.06336,164.07064,7.933,"itn_cyp_metabolites",2783923.57763158,"palapye wwtp (eff) waste water"
1902,"(2-Nitro-1-propenyl)benzene","C9 H9 N O2",163.06336,164.07064,7.933,"itn_cyp_metabolites",2757537.54296586,"palapye wwtp surface water"
1902,"(2-Nitro-1-propenyl)benzene","C9 H9 N O2",163.06336,164.07064,7.933,"itn_cyp_metabolites",3951082.92068736,"francistown wwtp surface water"
3151,"(2-Nitro-1-propenyl)benzene","C9 H9 N O2",163.06325,164.07064,10.565,"itn_cyp_metabolites",267748.835367732,"kasane wwtp (main) surface water"
1015,"(2-Nitro-1-propenyl)benzene","C9 H9 N O2",163.06336,164.07064,5.86,"itn_cyp_metabolites",8304677.0270453,"kasane wwtp (overflow) surface water"
1902,"(2-Nitro-1-propenyl)benzene","C9 H9 N O2",163.06336,164.07064,7.933,"itn_cyp_metabolites",1143057.87567194,"glen valley (reclamation) surface water"
9585,"(3E)-3-(3-Oxo-1,3-dihydro-2H-indol-2-ylidene)-1,3-dihydro-2H-indol-2-one_BTM03005","C16 H10 N2 O3",278.06792,279.0752,5.336,"itn_cyp_metabolites",193656.901129519,"kasane (recreational) surface water"
4506,"6-Allyl-o-cresol","C10 H12 O",148.08889,149.09617,20.076,"itn_cyp_metabolites",2095098.67363611,"glen valley (reclamation) surface water"
850,"7-hydroxy-staurosporine","C28 H26 N4 O4",482.19572,483.203,19.074,"itn_cyp_metabolites",6614482.82854927,"palapye wwtp (eff) waste water"
850,"7-hydroxy-staurosporine","C28 H26 N4 O4",482.19572,483.203,19.074,"itn_cyp_metabolites",7636117.07752401,"palapye wwtp surface water"
850,"7-hydroxy-staurosporine","C28 H26 N4 O4",482.19572,483.203,19.074,"itn_cyp_metabolites",10043739.6294139,"francistown wwtp surface water"
850,"7-hydroxy-staurosporine","C28 H26 N4 O4",482.19572,483.203,19.074,"itn_cyp_metabolites",6273141.43994756,"glen valley (reclamation) surface water"
850,"7-hydroxy-staurosporine","C28 H26 N4 O4",482.19572,483.203,19.074,"itn_cyp_metabolites",1000877.86062535,"glen valley (recreational) surface water"
2062,"8-Hydroxyquinoline_BTM04160","C9 H7 N O2",161.04772,162.055,9.293,"itn_cyp_metabolites",3790061.69170308,"palapye wwtp (eff) waste water"
2062,"8-Hydroxyquinoline_BTM04160","C9 H7 N O2",161.04772,162.055,9.293,"itn_cyp_metabolites",4332911.7625447,"palapye wwtp surface water"
3148,"8-Hydroxyquinoline_BTM04160","C9 H7 N O2",161.0477,162.05502,6.567,"itn_cyp_metabolites",2363413.45507493,"francistown wwtp surface water"
2062,"8-Hydroxyquinoline_BTM04160","C9 H7 N O2",161.04772,162.055,9.293,"itn_cyp_metabolites",988690.423623169,"kasane wwtp (main) surface water"
3148,"8-Hydroxyquinoline_BTM04160","C9 H7 N O2",161.0477,162.05502,6.567,"itn_cyp_metabolites",719460.417897632,"maun beach (after) surface water"
2062,"8-Hydroxyquinoline_BTM04160","C9 H7 N O2",161.04772,162.055,9.293,"itn_cyp_metabolites",607320.27719365,"maun wwtp (main) waste water"
2062,"8-Hydroxyquinoline_BTM04160","C9 H7 N O2",161.04772,162.055,9.293,"itn_cyp_metabolites",2465579.94588222,"glen valley (reclamation) surface water"
2062,"8-Hydroxyquinoline_BTM04160","C9 H7 N O2",161.04772,162.055,9.293,"itn_cyp_metabolites",1820360.26840134,"glen valley (recreational) surface water"
3899,"Acetovanillone","C9 H10 O3",166.06301,167.07028,16.809,"itn_cyp_metabolites",1255949.55009354,"lecheng stream surface water"
4372,"Acetovanillone","C9 H10 O3",166.06291,167.07029,9.816,"itn_cyp_metabolites",1848159.71108586,"palapye wwtp surface water"
3899,"Acetovanillone","C9 H10 O3",166.06301,167.07028,16.809,"itn_cyp_metabolites",1814922.90024447,"lotsane dam surface water"
3899,"Acetovanillone","C9 H10 O3",166.06301,167.07028,16.809,"itn_cyp_metabolites",1606753.82470615,"kasane (main) surface water"
3899,"Acetovanillone","C9 H10 O3",166.06301,167.07028,16.809,"itn_cyp_metabolites",1282912.4177456,"kasane (recreational) surface water"
3899,"Acetovanillone","C9 H10 O3",166.06301,167.07028,16.809,"itn_cyp_metabolites",1530702.59179898,"maun beach (before) surface water"
6264,"Actinobolin_BTM03516","C13 H20 N2 O7",316.12858,317.13585,7.301,"itn_cyp_metabolites",1207701.4593309,"francistown wwtp surface water"
1778,"Actinonin_BTM02734","C19 H34 N3 O5",384.24872,385.256,19.416,"itn_cyp_metabolites",4303654.01188929,"francistown wwtp surface water"
1116,"Actinonin_BTM02734","C19 H34 N3 O5",384.24883,385.25611,17.908,"itn_cyp_metabolites",2528190.71191276,"glen valley (reclamation) surface water"
2404,"Amifloxacin_BTM04432","C16 H19 F N4 O4",350.14065,351.14793,16.74,"itn_cyp_metabolites",1995162.97060021,"palapye wwtp surface water"
2404,"Amifloxacin_BTM04432","C16 H19 F N4 O4",350.14065,351.14793,16.74,"itn_cyp_metabolites",1416524.6700868,"lotsane dam surface water"
4178,"Anisomycin_BTM02749","C14 H17 N O4",263.11585,264.12313,7.629,"itn_cyp_metabolites",801374.924840289,"kasane wwtp (overflow) surface water"
6734,"Anisomycin_BTM02749","C14 H17 N O4",263.11587,264.12314,8.83,"itn_cyp_metabolites",242725.101529105,"maun beach (before) surface water"
531,"Anisomycin_BTM02749","C14 H17 N O4",263.11586,264.12313,4.549,"itn_cyp_metabolites",7158707.31750082,"maun wwtp (main) waste water"
531,"Anisomycin_BTM02749","C14 H17 N O4",263.11586,264.12313,4.549,"itn_cyp_metabolites",3478265.80428675,"glen valley (recreational) surface water"
4996,"Anisomycin_BTM02750","C14 H19 N O5",281.12643,282.1337,5.726,"itn_cyp_metabolites",916116.70201772,"kasane wwtp (overflow) surface water"
2291,"Azithromycin_BTM01153","C37 H70 N2 O12",734.49236,735.49963,11.971,"itn_cyp_metabolites",4064374.80784076,"palapye wwtp (eff) waste water"
2291,"Azithromycin_BTM01153","C37 H70 N2 O12",734.49236,735.49963,11.971,"itn_cyp_metabolites",4164036.34818553,"palapye wwtp surface water"
3276,"BTM00099_BTM00156","C16 H17 N3 O6 S",379.08319,380.09047,9.576,"itn_cyp_metabolites",2917090.34435554,"lecheng stream surface water"
3276,"BTM00099_BTM00156","C16 H17 N3 O6 S",379.08319,380.09047,9.576,"itn_cyp_metabolites",1998494.58390071,"palapye wwtp (eff) waste water"
2483,"BTM01183_BTM01302","C37 H65 N O13",731.44503,732.45231,15.678,"itn_cyp_metabolites",1511095.50895814,"palapye wwtp (eff) waste water"
2483,"BTM01183_BTM01302","C37 H65 N O13",731.44503,732.45231,15.678,"itn_cyp_metabolites",2706620.53675989,"palapye wwtp surface water"
2483,"BTM01183_BTM01302","C37 H65 N O13",731.44503,732.45231,15.678,"itn_cyp_metabolites",3874618.11820168,"francistown wwtp surface water"
2483,"BTM01183_BTM01302","C37 H65 N O13",731.44503,732.45231,15.678,"itn_cyp_metabolites",1248393.83544753,"glen valley (reclamation) surface water"
6007,"BTM01183_BTM01305","C37 H67 N O14",749.45551,750.46278,13.933,"itn_cyp_metabolites",1040929.91784618,"palapye wwtp (eff) waste water"
6007,"BTM01183_BTM01305","C37 H67 N O14",749.45551,750.46278,13.933,"itn_cyp_metabolites",885676.881234053,"glen valley (reclamation) surface water"
4934,"BTM01307_BTM01977","C36 H63 N O13",717.42955,718.43682,15.702,"itn_cyp_metabolites",729512.705982791,"palapye wwtp (eff) waste water"
4934,"BTM01307_BTM01977","C36 H63 N O13",717.42955,718.43682,15.702,"itn_cyp_metabolites",1401847.47163722,"palapye wwtp surface water"
4934,"BTM01307_BTM01977","C36 H63 N O13",717.42955,718.43682,15.702,"itn_cyp_metabolites",1867164.3963907,"francistown wwtp surface water"
8020,"BTM01307_BTM01977","C36 H63 N O13",717.42904,718.43631,9.625,"itn_cyp_metabolites",759336.524525935,"maun beach (after) surface water"
4934,"BTM01307_BTM01977","C36 H63 N O13",717.42955,718.43682,15.702,"itn_cyp_metabolites",502719.697225013,"glen valley (reclamation) surface water"
8840,"Balofloxacin_BTM04348","C19 H19 F N2 O5",374.12783,397.11708,6.434,"itn_cyp_metabolites",464579.966729405,"lecheng stream surface water"
2551,"Benzylsulfanilamide_BTM04684","C7 H6 O",106.04204,107.04932,18.145,"itn_cyp_metabolites",488661.194772668,"lecheng stream surface water"
2551,"Benzylsulfanilamide_BTM04684","C7 H6 O",106.04204,107.04932,18.145,"itn_cyp_metabolites",409777.370032571,"palapye wwtp surface water"
2551,"Benzylsulfanilamide_BTM04684","C7 H6 O",106.04204,107.04932,18.145,"itn_cyp_metabolites",1339106.64569367,"lotsane dam surface water"
2551,"Benzylsulfanilamide_BTM04684","C7 H6 O",106.04204,107.04932,18.145,"itn_cyp_metabolites",1492579.97260344,"francistown wwtp surface water"
2551,"Benzylsulfanilamide_BTM04684","C7 H6 O",106.04204,107.04932,18.145,"itn_cyp_metabolites",551526.591746501,"kasane wwtp (main) surface water"
2551,"Benzylsulfanilamide_BTM04684","C7 H6 O",106.04204,107.04932,18.145,"itn_cyp_metabolites",696535.50448419,"kasane wwtp (overflow) surface water"
5997,"Benzylsulfanilamide_BTM04684","C7 H6 O",106.04204,107.04932,19.238,"itn_cyp_metabolites",465526.293616876,"maun beach (before) surface water"
2551,"Benzylsulfanilamide_BTM04684","C7 H6 O",106.04204,107.04932,18.145,"itn_cyp_metabolites",2058124.16092367,"maun wwtp (main) waste water"
2551,"Benzylsulfanilamide_BTM04684","C7 H6 O",106.04204,107.04932,18.145,"itn_cyp_metabolites",1351278.17805394,"glen valley (reclamation) surface water"
2551,"Benzylsulfanilamide_BTM04684","C7 H6 O",106.04204,107.04932,18.145,"itn_cyp_metabolites",936044.073442947,"glen valley (recreational) surface water"
2717,"Bestatin/Ubenimex_BTM03523","C16 H24 N2 O5",324.16865,325.17592,10.353,"itn_cyp_metabolites",2405009.50246536,"francistown wwtp surface water"
1146,"Bestatin/Ubenimex_BTM03524","C16 H22 N2 O4",306.15808,324.1919,9.572,"itn_cyp_metabolites",7715950.22029766,"palapye wwtp (eff) waste water"
3261,"Bestatin/Ubenimex_BTM03524","C16 H22 N2 O4",306.1581,307.16538,5.804,"itn_cyp_metabolites",2933574.15212994,"kasane wwtp (overflow) surface water"
2443,"Bestatin/Ubenimex_BTM03524","C16 H22 N2 O4",306.15807,307.16535,3.464,"itn_cyp_metabolites",3924465.19896246,"maun wwtp (main) waste water"
3141,"Bestatin/Ubenimex_BTM03524","C16 H22 N2 O4",306.15809,307.16538,9.003,"itn_cyp_metabolites",945733.662189103,"glen valley (recreational) surface water"
8833,"Bicuculline","C20 H17 N O6",367.10622,368.11349,6.901,"itn_cyp_metabolites",508719.998154557,"kasane wwtp (main) surface water"
9187,"Caerulomycin A_BTM02776","C12 H11 N3 O3",245.08014,246.08741,9.173,"itn_cyp_metabolites",150257.123288084,"kasane wwtp (main) surface water"
9187,"Caerulomycin A_BTM02776","C12 H11 N3 O3",245.08014,246.08741,9.173,"itn_cyp_metabolites",328535.304445854,"glen valley (reclamation) surface water"
6335,"Calcium Ionophore A23187_BTM03731","C29 H39 N3 O6",525.28554,526.29282,20.433,"itn_cyp_metabolites",1290962.86908149,"francistown wwtp surface water"
536,"Cefaloglycin_BTM00313","C18 H19 N3 O7 S",421.09296,422.10023,15.266,"itn_cyp_metabolites",6227482.60124274,"palapye wwtp (eff) waste water"
536,"Cefaloglycin_BTM00313","C18 H19 N3 O7 S",421.09296,422.10023,15.266,"itn_cyp_metabolites",8010191.3427061,"palapye wwtp surface water"
536,"Cefaloglycin_BTM00313","C18 H19 N3 O7 S",421.09296,422.10023,15.266,"itn_cyp_metabolites",4217607.63770096,"francistown wwtp surface water"
536,"Cefaloglycin_BTM00313","C18 H19 N3 O7 S",421.09296,422.10023,15.266,"itn_cyp_metabolites",14328807.2517954,"kasane wwtp (main) surface water"
536,"Cefaloglycin_BTM00313","C18 H19 N3 O7 S",421.09296,422.10023,15.266,"itn_cyp_metabolites",739664.143496845,"maun wwtp (main) waste water"
536,"Cefaloglycin_BTM00313","C18 H19 N3 O7 S",421.09296,422.10023,15.266,"itn_cyp_metabolites",6022625.91094444,"glen valley (reclamation) surface water"
8219,"Chuangxinmycin_BTM03415","C12 H11 N O3 S",249.04607,250.05335,3.246,"itn_cyp_metabolites",698487.669537562,"maun wwtp (main) waste water"
276,"Clarithromycin_BTM01192","C36 H62 O14",718.41352,719.42079,10.119,"itn_cyp_metabolites",643749.388174502,"maun beach (before) surface water"
276,"Clarithromycin_BTM01192","C36 H62 O14",718.41352,719.42079,10.119,"itn_cyp_metabolites",23410463.3392286,"maun beach (after) surface water"
8781,"Clindamycin_BTM01030","C18 H33 Cl N2 O6 S",440.17479,441.18207,10.394,"itn_cyp_metabolites",465608.121598211,"francistown wwtp surface water"
7517,"Clotrimazole_BTM03558","C22 H17 Cl N2 O",360.10145,361.10873,17.502,"itn_cyp_metabolites",497649.449200454,"maun wwtp (main) waste water"
2589,"Cryptotanshinone_BTM04460","C19 H22 O3",298.15705,299.16433,11.19,"itn_cyp_metabolites",1645937.9562102,"palapye wwtp surface water"
2589,"Cryptotanshinone_BTM04460","C19 H22 O3",298.15705,299.16433,11.19,"itn_cyp_metabolites",2751093.9962844,"glen valley (reclamation) surface water"
2912,"Cytisin","C11 H14 N2 O",190.11067,191.11795,4.858,"itn_cyp_metabolites",2218373.75003462,"palapye wwtp (eff) waste water"
2912,"Cytisin","C11 H14 N2 O",190.11067,191.11795,4.858,"itn_cyp_metabolites",3022051.66509396,"palapye wwtp surface water"
5226,"Cytisin","C11 H14 N2 O",190.11066,191.11794,5.187,"itn_cyp_metabolites",418987.245983694,"kasane wwtp (overflow) surface water"
2912,"Cytisin","C11 H14 N2 O",190.11067,191.11795,4.858,"itn_cyp_metabolites",646264.955720181,"glen valley (reclamation) surface water"
4845,"Cytisin","C11 H14 N2 O",190.11065,191.11793,7.072,"itn_cyp_metabolites",1904434.97341422,"glen valley (recreational) surface water"
8140,"Cytochalasin D_BTM01254","C30 H39 N O6",509.27764,510.28492,19.665,"itn_cyp_metabolites",365784.007281513,"palapye wwtp surface water"
8140,"Cytochalasin D_BTM01254","C30 H39 N O6",509.27764,510.28492,19.665,"itn_cyp_metabolites",721110.2270353,"kasane wwtp (main) surface water"
8140,"Cytochalasin D_BTM01254","C30 H39 N O6",509.27764,510.28492,19.665,"itn_cyp_metabolites",694002.311628096,"glen valley (recreational) surface water"
1202,"Dichlorophene_BTM02818","C13 H11 Cl O3",250.03959,251.04688,20.222,"itn_cyp_metabolites",3855178.13462913,"lecheng stream surface water"
1202,"Dichlorophene_BTM02818","C13 H11 Cl O3",250.03959,251.04688,20.222,"itn_cyp_metabolites",1217148.00643034,"lecheng spring surface water"
1202,"Dichlorophene_BTM02818","C13 H11 Cl O3",250.03959,251.04688,20.222,"itn_cyp_metabolites",7358654.52568005,"palapye wwtp (eff) waste water"
1202,"Dichlorophene_BTM02818","C13 H11 Cl O3",250.03959,251.04688,20.222,"itn_cyp_metabolites",212895.768092741,"maun wwtp (main) waste water"
9314,"Econazole_BTM03575","C11 H8 Cl2 N2 O",254.00147,255.00875,13.077,"itn_cyp_metabolites",354589.665906764,"kasane wwtp (main) surface water"
1628,"Eltoprazine","C12 H16 N2 O2",220.12128,221.12855,11.661,"itn_cyp_metabolites",4632387.16554416,"francistown wwtp surface water"
1628,"Eltoprazine","C12 H16 N2 O2",220.12128,221.12855,11.661,"itn_cyp_metabolites",989503.170928022,"kasane wwtp (main) surface water"
4593,"Eltoprazine","C12 H16 N2 O2",220.12128,221.12856,8.752,"itn_cyp_metabolites",1447365.3926982,"kasane wwtp (overflow) surface water"
5109,"Eltoprazine","C12 H16 N2 O2",220.12125,221.12853,8.483,"itn_cyp_metabolites",671591.616484297,"maun wwtp (main) waste water"
4617,"Eltoprazine","C12 H16 N2 O2",220.12127,221.12855,7.67,"itn_cyp_metabolites",784698.471972882,"glen valley (reclamation) surface water"
6974,"Emicerfont","C22 H24 N6 O2",404.1963,405.20357,16.668,"itn_cyp_metabolites",158549.762225854,"lotsane dam surface water"
690,"Erythromycin B_BTM01919","C37 H65 N O12",715.4503,716.45758,14.935,"itn_cyp_metabolites",10383894.9805812,"palapye wwtp (eff) waste water"
690,"Erythromycin B_BTM01919","C37 H65 N O12",715.4503,716.45758,14.935,"itn_cyp_metabolites",11789333.4521075,"palapye wwtp surface water"
690,"Erythromycin B_BTM01919","C37 H65 N O12",715.4503,716.45758,14.935,"itn_cyp_metabolites",10126902.586139,"francistown wwtp surface water"
690,"Erythromycin B_BTM01919","C37 H65 N O12",715.4503,716.45758,14.935,"itn_cyp_metabolites",6927569.34914813,"glen valley (reclamation) surface water"
2977,"Ethylphenylacetylurea","C11 H14 N2 O2",206.10555,207.11282,6.77,"itn_cyp_metabolites",562773.339000232,"lotsane dam surface water"
5312,"Ethylphenylacetylurea","C11 H14 N2 O2",206.10554,207.11281,8.111,"itn_cyp_metabolites",1682643.2157618,"kasane wwtp (overflow) surface water"
2977,"Ethylphenylacetylurea","C11 H14 N2 O2",206.10555,207.11282,6.77,"itn_cyp_metabolites",3201292.6249473,"maun wwtp (main) waste water"
2977,"Ethylphenylacetylurea","C11 H14 N2 O2",206.10555,207.11282,6.77,"itn_cyp_metabolites",1070205.09269176,"glen valley (recreational) surface water"
8236,"Fenbenicillin_BTM00894","C16 H16 N2 O5 S",348.07805,349.08532,5.286,"itn_cyp_metabolites",665054.111881226,"francistown wwtp surface water"
7404,"Fluconazole_BTM02836","C13 H12 F2 N6 O2",322.09885,323.10615,9.017,"itn_cyp_metabolites",359610.858716499,"kasane wwtp (overflow) surface water"
7404,"Fluconazole_BTM02836","C13 H12 F2 N6 O2",322.09885,323.10615,9.017,"itn_cyp_metabolites",834188.466526484,"maun wwtp (main) waste water"
4859,"Flumethasone_BTM04466","C22 H26 F2 O5",408.17611,409.18338,8.758,"itn_cyp_metabolites",1899626.04473301,"palapye wwtp surface water"
9706,"Gentamicin C1_BTM00064","C20 H38 N4 O8",462.26925,463.27653,20.079,"itn_cyp_metabolites",115958.225269059,"kasane (recreational) surface water"
8866,"Gentamicin_BTM00017","C19 H36 N4 O8",448.25331,449.26062,2.303,"itn_cyp_metabolites",209668.655636242,"maun wwtp (main) waste water"
1442,"Griseofulvin_BTM02862","C16 H15 Cl O6",338.05668,339.06395,10.676,"itn_cyp_metabolites",6258894.48705794,"lecheng stream surface water"
762,"Griseofulvin_BTM02862","C16 H15 Cl O6",338.05575,339.06302,13.445,"itn_cyp_metabolites",8292052.09892069,"palapye wwtp (eff) waste water"
762,"Griseofulvin_BTM02862","C16 H15 Cl O6",338.05575,339.06302,13.445,"itn_cyp_metabolites",10021902.2499564,"palapye wwtp surface water"
762,"Griseofulvin_BTM02862","C16 H15 Cl O6",338.05575,339.06302,13.445,"itn_cyp_metabolites",10609960.3202522,"francistown wwtp surface water"
762,"Griseofulvin_BTM02862","C16 H15 Cl O6",338.05575,339.06302,13.445,"itn_cyp_metabolites",3216485.62901028,"glen valley (reclamation) surface water"
1732,"Hydrocortisone 21-acetate_BTM04485","C23 H32 O7",420.21583,421.22319,20.301,"itn_cyp_metabolites",1913471.94244749,"lecheng stream surface water"
1732,"Hydrocortisone 21-acetate_BTM04485","C23 H32 O7",420.21583,421.22319,20.301,"itn_cyp_metabolites",757866.861600032,"lecheng spring surface water"
1732,"Hydrocortisone 21-acetate_BTM04485","C23 H32 O7",420.21583,421.22319,20.301,"itn_cyp_metabolites",877038.829036592,"palapye wwtp (eff) waste water"
1732,"Hydrocortisone 21-acetate_BTM04485","C23 H32 O7",420.21583,421.22319,20.301,"itn_cyp_metabolites",1038410.31343202,"lotsane dam surface water"
1732,"Hydrocortisone 21-acetate_BTM04485","C23 H32 O7",420.21583,421.22319,20.301,"itn_cyp_metabolites",618992.13707442,"kasane wwtp (main) surface water"
1732,"Hydrocortisone 21-acetate_BTM04485","C23 H32 O7",420.21583,421.22319,20.301,"itn_cyp_metabolites",538995.562899628,"kasane wwtp (overflow) surface water"
1732,"Hydrocortisone 21-acetate_BTM04485","C23 H32 O7",420.21583,421.22319,20.301,"itn_cyp_metabolites",4679865.17736318,"kasane (main) surface water"
1732,"Hydrocortisone 21-acetate_BTM04485","C23 H32 O7",420.21583,421.22319,20.301,"itn_cyp_metabolites",1305805.51541459,"kasane (recreational) surface water"
1732,"Hydrocortisone 21-acetate_BTM04485","C23 H32 O7",420.21583,421.22319,20.301,"itn_cyp_metabolites",605454.418624668,"maun beach (before) surface water"
1732,"Hydrocortisone 21-acetate_BTM04485","C23 H32 O7",420.21583,421.22319,20.301,"itn_cyp_metabolites",988199.298116612,"maun beach (after) surface water"
1732,"Hydrocortisone 21-acetate_BTM04485","C23 H32 O7",420.21583,421.22319,20.301,"itn_cyp_metabolites",1016382.41313006,"maun wwtp (main) waste water"
1732,"Hydrocortisone 21-acetate_BTM04485","C23 H32 O7",420.21583,421.22319,20.301,"itn_cyp_metabolites",1610947.19327394,"glen valley (reclamation) surface water"
1732,"Hydrocortisone 21-acetate_BTM04485","C23 H32 O7",420.21583,421.22319,20.301,"itn_cyp_metabolites",5206480.10132634,"glen valley (recreational) surface water"
2018,"Hydromorphone","C17 H19 N O3",285.13664,286.14392,6.198,"itn_cyp_metabolites",363911.721172638,"palapye wwtp (eff) waste water"
844,"Hydromorphone","C17 H19 N O3",285.13666,286.14394,16.855,"itn_cyp_metabolites",1718008.9138361,"palapye wwtp surface water"
844,"Hydromorphone","C17 H19 N O3",285.13666,286.14394,16.855,"itn_cyp_metabolites",2295977.99850721,"francistown wwtp surface water"
844,"Hydromorphone","C17 H19 N O3",285.13666,286.14394,16.855,"itn_cyp_metabolites",10150127.2961395,"kasane wwtp (main) surface water"
844,"Hydromorphone","C17 H19 N O3",285.13666,286.14394,16.855,"itn_cyp_metabolites",2815882.6323227,"maun beach (after) surface water"
2018,"Hydromorphone","C17 H19 N O3",285.13664,286.14392,6.198,"itn_cyp_metabolites",2641065.66394456,"glen valley (reclamation) surface water"
9611,"Imipenem/Cilastatin_BTM00991","C12 H17 N3 O5 S",315.08907,316.09634,3.967,"itn_cyp_metabolites",216398.103987976,"francistown wwtp surface water"
9515,"JWH 020","C26 H27 N O",369.20911,392.19838,21.138,"itn_cyp_metabolites",238613.97178594,"maun wwtp (main) waste water"
8163,"Lincomycin_BTM01063","C18 H34 N2 O7 S",422.21035,423.21763,17.458,"itn_cyp_metabolites",713574.794144812,"kasane (main) surface water"
1258,"Linezolid_BTM03659","C16 H20 F N3 O5",353.13759,354.14486,9.029,"itn_cyp_metabolites",1716143.69058381,"palapye wwtp (eff) waste water"
1258,"Linezolid_BTM03659","C16 H20 F N3 O5",353.13759,354.14486,9.029,"itn_cyp_metabolites",3968519.20980744,"palapye wwtp surface water"
1258,"Linezolid_BTM03659","C16 H20 F N3 O5",353.13759,354.14486,9.029,"itn_cyp_metabolites",6114891.61108806,"francistown wwtp surface water"
3221,"Linezolid_BTM03659","C16 H20 F N3 O5",353.13755,354.14482,9.404,"itn_cyp_metabolites",805519.479381415,"glen valley (reclamation) surface water"
6920,"Liquiritigenin","C15 H12 O4",256.07362,257.08089,16.759,"itn_cyp_metabolites",315391.72868476,"lecheng stream surface water"
6920,"Liquiritigenin","C15 H12 O4",256.07362,257.08089,16.759,"itn_cyp_metabolites",282964.98000091,"maun beach (before) surface water"
6161,"Marbofloxacin_BTM04293","C17 H19 F N4 O5",378.13547,379.14275,17.665,"itn_cyp_metabolites",1116871.83417135,"kasane wwtp (main) surface water"
6161,"Marbofloxacin_BTM04293","C17 H19 F N4 O5",378.13547,379.14275,17.665,"itn_cyp_metabolites",1354565.0100459,"kasane (main) surface water"
6161,"Marbofloxacin_BTM04293","C17 H19 F N4 O5",378.13547,379.14275,17.665,"itn_cyp_metabolites",1133819.10894046,"kasane (recreational) surface water"
8451,"Metampicillin_BTM00755","C17 H19 N3 O5 S",377.1046,378.11188,12.14,"itn_cyp_metabolites",632740.601540463,"palapye wwtp surface water"
3885,"Metampicillin_BTM00755","C17 H19 N3 O5 S",377.10456,378.11183,11.915,"itn_cyp_metabolites",2452047.57779065,"francistown wwtp surface water"
3076,"Metyrosine","C10 H13 N O3",195.08957,196.09685,6.261,"itn_cyp_metabolites",1154452.95807809,"francistown wwtp surface water"
3945,"Metyrosine","C10 H13 N O3",195.08958,196.09685,1.278,"itn_cyp_metabolites",2414985.90474324,"kasane wwtp (overflow) surface water"
3076,"Metyrosine","C10 H13 N O3",195.08957,196.09685,6.261,"itn_cyp_metabolites",2649938.81208939,"glen valley (reclamation) surface water"
6541,"Minocycline_BTM04893","C21 H20 N2 O8",428.12033,429.12761,7.231,"itn_cyp_metabolites",1161783.19794903,"francistown wwtp surface water"
6816,"Minocycline_BTM04899","C23 H29 N3 O7",459.20061,460.20788,10.395,"itn_cyp_metabolites",1087045.60647857,"francistown wwtp surface water"
8029,"Mucidin_BTM03176","C16 H18 O4",274.12061,275.12789,15.657,"itn_cyp_metabolites",582295.854918143,"lecheng spring surface water"
4101,"Mucidin_BTM03176","C16 H18 O4",274.12058,275.12786,15.566,"itn_cyp_metabolites",2179726.91506965,"francistown wwtp surface water"
6343,"Mycophenolic acid_BTM02899","C16 H18 O6",306.11052,307.1178,14.056,"itn_cyp_metabolites",456949.563063321,"palapye wwtp (eff) waste water"
9243,"Myxin_BTM05586","C12 H8 N2 O4",244.04796,245.05524,9.262,"itn_cyp_metabolites",383176.924830422,"lecheng stream surface water"
2492,"N-(6-Aminohexyl)-5-chlor-1-naphthalensulfonamid_BTM02737","C16 H21 Cl N2 O3 S",356.09702,357.1043,18.29,"itn_cyp_metabolites",1464545.46181781,"palapye wwtp (eff) waste water"
2492,"N-(6-Aminohexyl)-5-chlor-1-naphthalensulfonamid_BTM02737","C16 H21 Cl N2 O3 S",356.09702,357.1043,18.29,"itn_cyp_metabolites",1630280.18014203,"palapye wwtp surface water"
2492,"N-(6-Aminohexyl)-5-chlor-1-naphthalensulfonamid_BTM02737","C16 H21 Cl N2 O3 S",356.09702,357.1043,18.29,"itn_cyp_metabolites",3866611.42598962,"francistown wwtp surface water"
3175,"N-(6-Aminohexyl)-5-chlor-1-naphthalensulfonamid_BTM02737","C16 H21 Cl N2 O3 S",356.09711,357.10439,18.439,"itn_cyp_metabolites",2736580.47497585,"glen valley (reclamation) surface water"
794,"N-methyl-2,3-dihydro-1H-inden-2-amine","C10 H13 N",147.1049,148.11217,6.023,"itn_cyp_metabolites",1312964.60209977,"palapye wwtp (eff) waste water"
794,"N-methyl-2,3-dihydro-1H-inden-2-amine","C10 H13 N",147.1049,148.11217,6.023,"itn_cyp_metabolites",10251764.578093,"francistown wwtp surface water"
1716,"N-methyl-2,3-dihydro-1H-inden-2-amine","C10 H13 N",147.10489,148.11216,5.784,"itn_cyp_metabolites",545337.245517407,"kasane wwtp (overflow) surface water"
9475,"N4-Acetylsulfadimethoxine_BTM04812","C14 H16 N4 O6 S",368.07841,369.08568,8.24,"itn_cyp_metabolites",249566.110059526,"lecheng spring surface water"
3167,"N4-Acetylsulfamethazine_BTM04814","C14 H16 N4 O4 S",336.08863,337.0959,15.692,"itn_cyp_metabolites",3018850.17615966,"kasane wwtp (main) surface water"
6392,"N4-Acetylsulfamethoxazole_BTM04803","C12 H13 N3 O5 S",311.05774,312.06502,9.926,"itn_cyp_metabolites",1085293.67569426,"francistown wwtp surface water"
3472,"Nandrolone","C18 H26 O2",274.19335,275.2006,18.915,"itn_cyp_metabolites",1237672.25501219,"lecheng spring surface water"
1448,"Nandrolone","C18 H26 O2",274.19333,275.20061,17.509,"itn_cyp_metabolites",1780493.62892172,"palapye wwtp (eff) waste water"
1448,"Nandrolone","C18 H26 O2",274.19333,275.20061,17.509,"itn_cyp_metabolites",1378968.94285679,"palapye wwtp surface water"
6044,"Nandrolone","C18 H26 O2",274.19332,275.20057,20.18,"itn_cyp_metabolites",1117887.81944337,"lotsane dam surface water"
4897,"Nandrolone","C18 H26 O2",274.19332,275.20064,19.202,"itn_cyp_metabolites",1881965.07962871,"kasane (recreational) surface water"
3184,"Nandrolone","C18 H26 O2",274.19335,275.20063,18.567,"itn_cyp_metabolites",2512632.35942332,"maun wwtp (main) waste water"
4131,"Oxytetracycline_BTM04920","C22 H24 N2 O10",476.14286,477.15014,23.337,"itn_cyp_metabolites",659585.989016567,"lecheng stream surface water"
4131,"Oxytetracycline_BTM04920","C22 H24 N2 O10",476.14286,477.15014,23.337,"itn_cyp_metabolites",805231.618594307,"lecheng spring surface water"
4131,"Oxytetracycline_BTM04920","C22 H24 N2 O10",476.14286,477.15014,23.337,"itn_cyp_metabolites",1217587.45904157,"palapye wwtp surface water"
4131,"Oxytetracycline_BTM04920","C22 H24 N2 O10",476.14286,477.15014,23.337,"itn_cyp_metabolites",747258.205054022,"lotsane dam surface water"
4131,"Oxytetracycline_BTM04920","C22 H24 N2 O10",476.14286,477.15014,23.337,"itn_cyp_metabolites",628565.374621783,"kasane wwtp (main) surface water"
4131,"Oxytetracycline_BTM04920","C22 H24 N2 O10",476.14286,477.15014,23.337,"itn_cyp_metabolites",688965.897944479,"kasane wwtp (overflow) surface water"
4131,"Oxytetracycline_BTM04920","C22 H24 N2 O10",476.14286,477.15014,23.337,"itn_cyp_metabolites",928324.039490199,"kasane (main) surface water"
4131,"Oxytetracycline_BTM04920","C22 H24 N2 O10",476.14286,477.15014,23.337,"itn_cyp_metabolites",2296424.50309969,"maun wwtp (main) waste water"
4131,"Oxytetracycline_BTM04920","C22 H24 N2 O10",476.14286,477.15014,23.337,"itn_cyp_metabolites",735612.399143095,"glen valley (reclamation) surface water"
4131,"Oxytetracycline_BTM04920","C22 H24 N2 O10",476.14286,477.15014,23.337,"itn_cyp_metabolites",1622547.42855519,"glen valley (recreational) surface water"
4492,"Panipenem_BTM00670","C15 H20 N3 O4 S",338.11875,339.12604,12.903,"itn_cyp_metabolites",1847602.24449408,"palapye wwtp surface water"
4837,"Patulin_BTM03656","C7 H6 O5",170.02159,171.02887,13.549,"itn_cyp_metabolites",1836049.68116293,"lecheng stream surface water"
4837,"Patulin_BTM03656","C7 H6 O5",170.02159,171.02887,13.549,"itn_cyp_metabolites",222760.630427056,"lecheng spring surface water"
4837,"Patulin_BTM03656","C7 H6 O5",170.02159,171.02887,13.549,"itn_cyp_metabolites",1851684.45120721,"palapye wwtp (eff) waste water"
8450,"Penicillin A_BTM00930","C16 H24 N2 O4 S",340.1457,341.15298,8.843,"itn_cyp_metabolites",214683.42691454,"kasane wwtp (main) surface water"
8450,"Penicillin A_BTM00930","C16 H24 N2 O4 S",340.1457,341.15298,8.843,"itn_cyp_metabolites",442368.60058448,"kasane (main) surface water"
8450,"Penicillin A_BTM00930","C16 H24 N2 O4 S",340.1457,341.15298,8.843,"itn_cyp_metabolites",600996.094486585,"kasane (recreational) surface water"
825,"Pentoxifylline","C13 H18 N4 O3",278.1367,301.12593,6.086,"itn_cyp_metabolites",5259877.91519195,"palapye wwtp (eff) waste water"
825,"Pentoxifylline","C13 H18 N4 O3",278.1367,301.12593,6.086,"itn_cyp_metabolites",6847702.97461299,"palapye wwtp surface water"
825,"Pentoxifylline","C13 H18 N4 O3",278.1367,301.12593,6.086,"itn_cyp_metabolites",8671518.22046796,"francistown wwtp surface water"
5220,"Pikromycin/Amaromycin_BTM01877","C28 H45 N O8",523.3164,524.32367,20.501,"itn_cyp_metabolites",119289.582099475,"lecheng stream surface water"
5220,"Pikromycin/Amaromycin_BTM01877","C28 H45 N O8",523.3164,524.32367,20.501,"itn_cyp_metabolites",327592.850609294,"kasane (main) surface water"
5220,"Pikromycin/Amaromycin_BTM01877","C28 H45 N O8",523.3164,524.32367,20.501,"itn_cyp_metabolites",474883.590950658,"glen valley (recreational) surface water"
7593,"Pikromycin/Amaromycin_BTM01888","C26 H40 O9",496.26625,497.27353,5.42,"itn_cyp_metabolites",588588.525799486,"francistown wwtp surface water"
7593,"Pikromycin/Amaromycin_BTM01888","C26 H40 O9",496.26625,497.27353,5.42,"itn_cyp_metabolites",451297.713859616,"kasane wwtp (main) surface water"
7593,"Pikromycin/Amaromycin_BTM01888","C26 H40 O9",496.26625,497.27353,5.42,"itn_cyp_metabolites",112680.506915703,"maun beach (before) surface water"
7593,"Pikromycin/Amaromycin_BTM01888","C26 H40 O9",496.26625,497.27353,5.42,"itn_cyp_metabolites",158329.353235023,"maun beach (after) surface water"
7593,"Pikromycin/Amaromycin_BTM01888","C26 H40 O9",496.26625,497.27353,5.42,"itn_cyp_metabolites",897225.678548984,"maun wwtp (main) waste water"
6237,"Pirlimycin_BTM01083","C17 H31 Cl N2 O6 S",426.16122,427.16852,15.299,"itn_cyp_metabolites",1268319.21485421,"lecheng stream surface water"
3021,"Pivamdinocillin_BTM00786","C21 H33 N3 O6 S",455.21081,456.21809,6.052,"itn_cyp_metabolites",3160486.40763724,"glen valley (reclamation) surface water"
8190,"Pralidoxime","C7 H8 N2 O",136.06374,137.07102,2.965,"itn_cyp_metabolites",705942.218740119,"kasane wwtp (overflow) surface water"
1714,"Pralidoxime","C7 H8 N2 O",136.06375,137.07103,1.985,"itn_cyp_metabolites",5390897.42401,"maun beach (after) surface water"
7821,"Propicillin_BTM00815","C18 H20 N2 O5 S",376.10919,377.11647,10.515,"itn_cyp_metabolites",498428.0430844,"palapye wwtp surface water"
7821,"Propicillin_BTM00815","C18 H20 N2 O5 S",376.10919,377.11647,10.515,"itn_cyp_metabolites",822734.64062486,"glen valley (reclamation) surface water"
6462,"Propylparaben","C10 H12 O3",180.0787,181.08598,19.239,"itn_cyp_metabolites",351416.375542444,"lecheng stream surface water"
9254,"Ritipenem_BTM00741","C10 H10 N2 O6 S",286.02533,287.03261,8.575,"itn_cyp_metabolites",378357.763885733,"kasane wwtp (main) surface water"
5355,"Ritipenem_BTM00741","C10 H10 N2 O6 S",286.0253,287.03258,7.707,"itn_cyp_metabolites",1630444.10039211,"glen valley (reclamation) surface water"
2779,"Rodorubicinï¿½_BTM05187","C48 H62 N2 O17",938.40745,939.41473,8.58,"itn_cyp_metabolites",3458410.34850073,"kasane wwtp (overflow) surface water"
1110,"S-Resorcinomycin A_BTM03401","C14 H20 N4 O6",340.13806,341.14534,21.103,"itn_cyp_metabolites",1228778.75170544,"lecheng stream surface water"
1110,"S-Resorcinomycin A_BTM03401","C14 H20 N4 O6",340.13806,341.14534,21.103,"itn_cyp_metabolites",6795387.7881076,"lecheng spring surface water"
1110,"S-Resorcinomycin A_BTM03401","C14 H20 N4 O6",340.13806,341.14534,21.103,"itn_cyp_metabolites",2545890.14924476,"palapye wwtp (eff) waste water"
1110,"S-Resorcinomycin A_BTM03401","C14 H20 N4 O6",340.13806,341.14534,21.103,"itn_cyp_metabolites",6142603.40524944,"palapye wwtp surface water"
1110,"S-Resorcinomycin A_BTM03401","C14 H20 N4 O6",340.13806,341.14534,21.103,"itn_cyp_metabolites",2068504.13764475,"lotsane dam surface water"
1110,"S-Resorcinomycin A_BTM03401","C14 H20 N4 O6",340.13806,341.14534,21.103,"itn_cyp_metabolites",7910601.54107428,"maun wwtp (main) waste water"
1110,"S-Resorcinomycin A_BTM03401","C14 H20 N4 O6",340.13806,341.14534,21.103,"itn_cyp_metabolites",897683.631637052,"glen valley (reclamation) surface water"
1110,"S-Resorcinomycin A_BTM03401","C14 H20 N4 O6",340.13806,341.14534,21.103,"itn_cyp_metabolites",516925.527484237,"glen valley (recreational) surface water"
7139,"Sancycline_BTM05076","C21 H24 N2 O7",416.15846,417.16574,14.097,"itn_cyp_metabolites",935936.513333312,"kasane wwtp (overflow) surface water"
3307,"Sancycline_BTM05076","C21 H24 N2 O7",416.15727,417.16454,7.731,"itn_cyp_metabolites",603377.129951837,"maun wwtp (main) waste water"
3307,"Sancycline_BTM05076","C21 H24 N2 O7",416.15727,417.16454,7.731,"itn_cyp_metabolites",418270.958812101,"glen valley (reclamation) surface water"
3307,"Sancycline_BTM05076","C21 H24 N2 O7",416.15727,417.16454,7.731,"itn_cyp_metabolites",2885241.71336035,"glen valley (recreational) surface water"
7194,"Staurosporine_BTM03631","C27 H24 N4 O3",452.18488,453.19215,14.734,"itn_cyp_metabolites",1015635.340172,"kasane wwtp (main) surface water"
4012,"Sulfaguanidine_BTM04547","C7 H10 N4 O3 S",230.04682,231.0541,6.873,"itn_cyp_metabolites",712709.561934438,"francistown wwtp surface water"
4012,"Sulfaguanidine_BTM04547","C7 H10 N4 O3 S",230.04682,231.0541,6.873,"itn_cyp_metabolites",740447.458387895,"kasane wwtp (main) surface water"
4012,"Sulfaguanidine_BTM04547","C7 H10 N4 O3 S",230.04682,231.0541,6.873,"itn_cyp_metabolites",2378742.56799588,"kasane wwtp (overflow) surface water"
7439,"Sulfaguanidine_BTM04547","C7 H10 N4 O3 S",230.04683,231.05411,10.661,"itn_cyp_metabolites",938605.704069087,"kasane (main) surface water"
7348,"Sulfaphenazole_BTM04651","C15 H14 N4 O3 S",330.08023,331.08751,12.262,"itn_cyp_metabolites",913308.366217092,"lecheng stream surface water"
5984,"Sulfapyrazole_BTM04723","C16 H16 N4 O3 S",344.09573,345.10301,13.553,"itn_cyp_metabolites",1379024.77870979,"lecheng stream surface water"
5984,"Sulfapyrazole_BTM04723","C16 H16 N4 O3 S",344.09573,345.10301,13.553,"itn_cyp_metabolites",825345.16712603,"palapye wwtp (eff) waste water"
2840,"Sulfapyrazole_BTM04723","C16 H16 N4 O3 S",344.09373,345.10101,16.323,"itn_cyp_metabolites",2952378.38488941,"glen valley (reclamation) surface water"
4904,"Talmetoprim_BTM03332","C21 H18 N4 O5",406.1296,407.13687,13.368,"itn_cyp_metabolites",1448574.35280365,"palapye wwtp (eff) waste water"
4904,"Talmetoprim_BTM03332","C21 H18 N4 O5",406.1296,407.13687,13.368,"itn_cyp_metabolites",1858243.44503369,"palapye wwtp surface water"
4904,"Talmetoprim_BTM03332","C21 H18 N4 O5",406.1296,407.13687,13.368,"itn_cyp_metabolites",988485.660691763,"francistown wwtp surface water"
6182,"Tamoxifen_BTM03704","C22 H20 O",300.15157,301.15885,20.875,"itn_cyp_metabolites",1349572.6423032,"kasane (main) surface water"
6182,"Tamoxifen_BTM03704","C22 H20 O",300.15157,301.15885,20.875,"itn_cyp_metabolites",308328.285252674,"maun beach (after) surface water"
4429,"Temocillin_BTM00691","C16 H18 N2 O8 S2",430.04847,431.05582,15.447,"itn_cyp_metabolites",2135841.8037058,"lecheng stream surface water"
9599,"Thiolutin_BTM03641","C7 H10 N2 O2 S2",218.01936,219.02663,1.209,"itn_cyp_metabolites",210683.096197604,"lecheng spring surface water"
9599,"Thiolutin_BTM03641","C7 H10 N2 O2 S2",218.01936,219.02663,1.209,"itn_cyp_metabolites",199789.384558557,"lotsane dam surface water"
6984,"Torsemide","C16 H20 N4 O3 S",348.12498,349.13226,17.316,"itn_cyp_metabolites",1071536.43161931,"kasane wwtp (main) surface water"
9120,"Torsemide","C16 H20 N4 O3 S",348.12495,349.13223,19.177,"itn_cyp_metabolites",122646.830500929,"maun beach (before) surface water"
2652,"Torsemide","C16 H20 N4 O3 S",348.12488,349.13216,15.436,"itn_cyp_metabolites",3567189.94591385,"glen valley (reclamation) surface water"
4547,"Trimethoprim_BTM01019","C14 H20 N4 O4",308.14859,309.15586,5.717,"itn_cyp_metabolites",2044555.66662088,"kasane wwtp (main) surface water"
3976,"Xenysalate_BTM03163","C19 H23 N O4",329.16278,330.17005,10.037,"itn_cyp_metabolites",1880810.61638304,"palapye wwtp (eff) waste water"
3976,"Xenysalate_BTM03163","C19 H23 N O4",329.16278,330.17005,10.037,"itn_cyp_metabolites",2173785.01459647,"palapye wwtp surface water"
5598,"a-Isothiocyanatotoluene_BTM02980","C8 H7 N O S",165.02487,166.03214,10.983,"itn_cyp_metabolites",1196959.80136745,"palapye wwtp (eff) waste water"
5598,"a-Isothiocyanatotoluene_BTM02980","C8 H7 N O S",165.02487,166.03214,10.983,"itn_cyp_metabolites",1381389.06361828,"palapye wwtp surface water"
4607,"tert-Butylhydroquinone","C10 H14 O2",166.09942,167.10668,11.187,"itn_cyp_metabolites",2044463.07100723,"palapye wwtp surface water"
4366,"tert-Butylhydroquinone","C10 H14 O2",166.09939,167.10667,11.881,"itn_cyp_metabolites",1731868.87853278,"kasane (main) surface water"
4366,"tert-Butylhydroquinone","C10 H14 O2",166.09939,167.10667,11.881,"itn_cyp_metabolites",989690.262709471,"maun beach (before) surface water"
